﻿{"cameraMode":{"drawMode":0,"name":"Shaded","section":"Shading Mode"},"sceneLighting":true,"audioPlay":false,"sceneViewState":{"showFog":true,"showMaterialUpdate":false,"showSkybox":true,"showFlares":true,"showImageEffects":true,"showParticleSystems":true},"in2DMode":false,"pivot":{"x":-0.4942888021469116,"y":-14.61401081085205,"z":8.870929718017579},"rotation":{"x":0.45939239859580996,"y":0.0013284034794196487,"z":-0.0006857469561509788,"w":0.8882369995117188},"size":15.47580337524414,"orthographic":false}